{
  "sequence_id": "abandonedfactory_sample_P001",
  "scene_name": "unknown",
  "num_frames": 434,
  "resolution": [
    256,
    256
  ],
  "voxel_size": 0.04,
  "bounds": [
    [
      -3.6424193382263184,
      7.997580661773682
    ],
    [
      -31.1324462890625,
      -22.892446289062498
    ],
    [
      -4.4883952140808105,
      3.7516047859191897
    ]
  ],
  "intrinsics": [
    [
      320.0,
      0.0,
      320.0
    ],
    [
      0.0,
      320.0,
      240.0
    ],
    [
      0.0,
      0.0,
      1.0
    ]
  ],
  "is_converted": true
}