{
  "by_step": {
    "-1": {
      "record_count": 1,
      "gpu_stats": {
        "0": {
          "min_allocated_mb": 2247.14111328125,
          "max_allocated_mb": 2247.14111328125,
          "avg_allocated_mb": 2247.14111328125,
          "min_reserved_mb": 2318.0,
          "max_reserved_mb": 2318.0
        },
        "1": {
          "min_allocated_mb": 137.53271484375,
          "max_allocated_mb": 137.53271484375,
          "avg_allocated_mb": 137.53271484375,
          "min_reserved_mb": 144.0,
          "max_reserved_mb": 144.0
        }
      }
    }
  },
  "by_frame": {
    "-1": {
      "record_count": 1,
      "gpu_stats": {
        "0": {
          "min_allocated_mb": 2247.14111328125,
          "max_allocated_mb": 2247.14111328125,
          "avg_allocated_mb": 2247.14111328125,
          "min_reserved_mb": 2318.0,
          "max_reserved_mb": 2318.0
        },
        "1": {
          "min_allocated_mb": 137.53271484375,
          "max_allocated_mb": 137.53271484375,
          "avg_allocated_mb": 137.53271484375,
          "min_reserved_mb": 144.0,
          "max_reserved_mb": 144.0
        }
      }
    }
  },
  "by_layer": {
    "\u5f02\u5e38": {
      "record_count": 1,
      "gpu_stats": {
        "0": {
          "min_allocated_mb": 2247.14111328125,
          "max_allocated_mb": 2247.14111328125,
          "avg_allocated_mb": 2247.14111328125,
          "min_reserved_mb": 2318.0,
          "max_reserved_mb": 2318.0
        },
        "1": {
          "min_allocated_mb": 137.53271484375,
          "max_allocated_mb": 137.53271484375,
          "avg_allocated_mb": 137.53271484375,
          "min_reserved_mb": 144.0,
          "max_reserved_mb": 144.0
        }
      }
    }
  },
  "current_memory": {
    "0": {
      "allocated_mb": 2247.14111328125,
      "reserved_mb": 2318.0,
      "max_allocated_mb": 2303.8935546875,
      "max_reserved_mb": 2318.0
    },
    "1": {
      "allocated_mb": 137.53271484375,
      "reserved_mb": 144.0,
      "max_allocated_mb": 137.7333984375,
      "max_reserved_mb": 144.0
    }
  }
}