{
  "by_step": {
    "-1": {
      "record_count": 1,
      "gpu_stats": {
        "0": {
          "min_allocated_mb": 2779.13720703125,
          "max_allocated_mb": 2779.13720703125,
          "avg_allocated_mb": 2779.13720703125,
          "min_reserved_mb": 2916.0,
          "max_reserved_mb": 2916.0
        },
        "1": {
          "min_allocated_mb": 85.54638671875,
          "max_allocated_mb": 85.54638671875,
          "avg_allocated_mb": 85.54638671875,
          "min_reserved_mb": 100.0,
          "max_reserved_mb": 100.0
        }
      }
    }
  },
  "by_frame": {
    "-1": {
      "record_count": 1,
      "gpu_stats": {
        "0": {
          "min_allocated_mb": 2779.13720703125,
          "max_allocated_mb": 2779.13720703125,
          "avg_allocated_mb": 2779.13720703125,
          "min_reserved_mb": 2916.0,
          "max_reserved_mb": 2916.0
        },
        "1": {
          "min_allocated_mb": 85.54638671875,
          "max_allocated_mb": 85.54638671875,
          "avg_allocated_mb": 85.54638671875,
          "min_reserved_mb": 100.0,
          "max_reserved_mb": 100.0
        }
      }
    }
  },
  "by_layer": {
    "\u5f02\u5e38": {
      "record_count": 1,
      "gpu_stats": {
        "0": {
          "min_allocated_mb": 2779.13720703125,
          "max_allocated_mb": 2779.13720703125,
          "avg_allocated_mb": 2779.13720703125,
          "min_reserved_mb": 2916.0,
          "max_reserved_mb": 2916.0
        },
        "1": {
          "min_allocated_mb": 85.54638671875,
          "max_allocated_mb": 85.54638671875,
          "avg_allocated_mb": 85.54638671875,
          "min_reserved_mb": 100.0,
          "max_reserved_mb": 100.0
        }
      }
    }
  },
  "current_memory": {
    "0": {
      "allocated_mb": 2779.13720703125,
      "reserved_mb": 2916.0,
      "max_allocated_mb": 2857.8759765625,
      "max_reserved_mb": 2916.0
    },
    "1": {
      "allocated_mb": 85.54638671875,
      "reserved_mb": 100.0,
      "max_allocated_mb": 85.54638671875,
      "max_reserved_mb": 100.0
    }
  }
}